{
    "ServerLanguage": {
        "python": {
            "json": {
                "GET": [
                    0.4105567932128906,
                    0.324249267578125,
                    0.35262107849121094,
                    0.3991127014160156,
                    0.40340423583984375,
                    0.4429817199707031,
                    0.3838539123535156,
                    0.3063678741455078,
                    0.42438507080078125,
                    0.38123130798339844,
                    0.335693359375,
                    0.3666877746582031,
                    0.3571510314941406,
                    0.33164024353027344,
                    0.36454200744628906,
                    0.3719329833984375,
                    0.6046295166015625,
                    0.4017353057861328,
                    0.34332275390625,
                    0.33092498779296875,
                    0.5035400390625,
                    0.5352497100830078,
                    0.7047653198242188,
                    0.5276203155517578,
                    0.42748451232910156,
                    0.34880638122558594,
                    0.3552436828613281,
                    0.4420280456542969,
                    1.264810562133789,
                    0.6830692291259766
                ],
                "POST": [
                    5.257129669189453,
                    7.327556610107422,
                    5.132436752319336,
                    4.9419403076171875,
                    3.7581920623779297,
                    4.553318023681641,
                    5.016565322875977,
                    4.040956497192383,
                    4.703760147094727,
                    4.187345504760742,
                    4.688024520874023,
                    4.782915115356445,
                    4.748106002807617,
                    3.9322376251220703,
                    3.970623016357422,
                    5.853891372680664,
                    5.087614059448242,
                    4.588842391967773,
                    5.117177963256836,
                    4.81104850769043,
                    3.7784576416015625,
                    3.7283897399902344,
                    5.097389221191406,
                    5.34820556640625,
                    3.873586654663086,
                    4.1751861572265625,
                    3.8907527923583984,
                    3.8673877716064453,
                    4.242181777954102,
                    4.283905029296875
                ]
            },
            "calc": {
                "GET": [
                    135.28108596801758,
                    136.6560459136963,
                    135.04624366760254,
                    137.73417472839355,
                    133.8958740234375,
                    135.0574493408203,
                    134.86742973327637,
                    137.86029815673828,
                    136.95168495178223,
                    135.29610633850098,
                    138.2918357849121,
                    138.23676109313965,
                    135.6053352355957,
                    145.4150676727295,
                    136.2135410308838,
                    135.61153411865234,
                    138.45562934875488,
                    138.65327835083008,
                    139.86849784851074,
                    141.80970191955566,
                    148.53239059448242,
                    145.92289924621582,
                    146.79241180419922,
                    147.5372314453125,
                    146.99721336364746,
                    146.38662338256836,
                    147.37820625305176,
                    148.06199073791504,
                    144.03557777404785,
                    141.9050693511963
                ]
            },
            "html": {
                "GET": [
                    0.18072128295898438,
                    0.1583099365234375,
                    0.1633167266845703,
                    0.15997886657714844,
                    0.1399517059326172,
                    0.2384185791015625,
                    0.27060508728027344,
                    0.34737586975097656,
                    0.2124309539794922,
                    0.16546249389648438,
                    0.1919269561767578,
                    0.18334388732910156,
                    0.12373924255371094,
                    0.20742416381835938,
                    0.3108978271484375,
                    0.1704692840576172,
                    0.1881122589111328,
                    0.19669532775878906,
                    0.17547607421875,
                    0.21076202392578125,
                    0.15974044799804688,
                    0.14448165893554688,
                    0.23317337036132812,
                    0.1506805419921875,
                    0.13828277587890625,
                    0.17213821411132812,
                    0.1881122589111328,
                    0.26416778564453125,
                    0.164031982421875,
                    0.1537799835205078
                ]
            }
        },
        "javascript": {
            "json": {
                "GET": [
                    0.913478,
                    0.21351799999999999,
                    0.12041099999999999,
                    0.17932399999999998,
                    0.14638199999999998,
                    0.150093,
                    0.17560099999999998,
                    0.175258,
                    0.224964,
                    0.18373599999999998,
                    0.12732,
                    0.107293,
                    0.11102999999999999,
                    0.09817999999999999,
                    0.1099,
                    0.140591,
                    0.124455,
                    0.10795199999999999,
                    0.15019,
                    0.11487699999999999,
                    0.098378,
                    0.09787699999999999,
                    0.188969,
                    0.320977,
                    0.09904199999999999,
                    0.09221399999999999,
                    0.14102699999999999,
                    0.160827,
                    0.102237,
                    0.091695
                ],
                "POST": [
                    1.469585,
                    0.976405,
                    1.0187169999999999,
                    1.029873,
                    1.0673139999999999,
                    1.312948,
                    1.150924,
                    0.9561099999999999,
                    1.003752,
                    0.9945069999999999,
                    0.906828,
                    1.927595,
                    1.2627599999999999,
                    1.081297,
                    0.9994569999999999,
                    1.529113,
                    1.100408,
                    1.0476379999999998,
                    1.303999,
                    1.105861,
                    1.575637,
                    0.881537,
                    1.9648379999999999,
                    1.815707,
                    1.6549239999999998,
                    2.835131,
                    1.103146,
                    1.3391929999999999,
                    1.4238629999999999,
                    1.181784
                ]
            },