{
	"ServerLanguage": {
		"go": {
			"calc": {
				"GET": [
					0.02245,
					0.034829,
					0.06635300000000001,
					0.031613999999999996,
					0.022041,
					0.032541,
					0.033986,
					0.027143,
					0.040500999999999995,
					0.031667
				]
			},
			"html": {
				"GET": [
					0.206386,
					0.153191,
					0.243714,
					0.16152699999999998,
					0.117128,
					0.411321,
					0.197885,
					0.17316299999999998,
					0.113375,
					0.242064
				]
			},
			"json": {
				"GET": [
					0.114496,
					0.131762,
					0.20233600000000002,
					0.116758,
					0.099509,
					0.09358599999999999,
					0.079958,
					0.093848,
					0.11963700000000001,
					0.26809
				],
				"POST": [
					0.236021,
					0.288608,
					0.192261,
					0.30311699999999997,
					0.267194,
					0.200096,
					0.356329,
					0.179701,
					0.236455,
					0.200932
				]
			}
		},
		"javascript": {
			"calc": {
				"GET": [
					5.648245,
					0.555937,
					0.524027,
					0.507329,
					0.48638,
					0.523616,
					0.525141,
					0.5563509999999999,
					0.506271,
					0.611946
				]
			},
			"html": {
				"GET": [
					0.172476,
					0.140639,
					0.114039,
					0.118756,
					0.124024,
					0.191472,
					0.129337,
					0.148893,
					0.135038,
					0.157283
				]
			},
			"json": {
				"GET": [
					0.686634,
					0.170456,
					0.16926,
					0.144068,
					0.13294699999999998,
					0.149148,
					0.172361,
					0.106719,
					0.110222,
					0.115976
				],
				"POST": [
					35.462545,
					47.680465,
					30.308964999999997,
					27.112309999999997,
					22.030245999999998,
					23.413068,
					28.453484,
					30.990879,
					25.930714,
					34.403307
				]
			}
		},
		"python": {
			"calc": {
				"GET": [
					21.740198135375977,
					17.729997634887695,
					17.165422439575195,
					16.170263290405273,
					31.41498565673828,
					16.992807388305664,
					14.970064163208008,
					20.488262176513672,
					15.357732772827148,
					18.08762550354004
				]
			},
			"html": {
				"GET": [
					0.202178955078125,
					0.29015541076660156,
					0.21910667419433594,
					0.17881393432617188,
					0.18310546875,
					0.15926361083984375,
					0.18978118896484375,
					0.15354156494140625,
					0.25010108947753906,
					0.1533031463623047
				]
			},
			"json": {
				"GET": [
					0.36835670471191406,
					0.3421306610107422,
					0.438690185546875,
					0.4317760467529297,
					0.453948974609375,
					0.3516674041748047,
					0.39839744567871094,
					0.9329319000244141,
					0.7665157318115234,
					0.5402565002441406
				],
				"POST": [
					82.61919021606445,
					77.35133171081543,
					79.52165603637695,
					82.02767372131348,
					77.13079452514648,
					88.54556083679199,
					74.4626522064209,
					72.58343696594238,
					78.88936996459961,
					76.14302635192871
				]
			}
		}
	}
}